{"Y1.jpg51229":{"filename":"Y1.jpg","size":51229,"regions":[{"shape_attributes":{"name":"polygon","all_points_x":[122,72,441,590],"all_points_y":[398,64,11,437]},"region_attributes":{"shape_attributes":"polygon"}}],"file_attributes":{}},"Y2.jpg117064":{"filename":"Y2.jpg","size":117064,"regions":[{"shape_attributes":{"name":"polygon","all_points_x":[294,219,141,628,1243,1132,981,870],"all_points_y":[164,185,867,1059,751,339,107,16]},"region_attributes":{"shape_attributes":"polygon"}}],"file_attributes":{}},"Y3.jpg47209":{"filename":"Y3.jpg","size":47209,"regions":[{"shape_attributes":{"name":"polygon","all_points_x":[169,75,535,602,388,280],"all_points_y":[112,449,516,227,19,20]},"region_attributes":{"shape_attributes":"polygon"}}],"file_attributes":{}},"Y4.jpg30256":{"filename":"Y4.jpg","size":30256,"regions":[{"shape_attributes":{"name":"polygon","all_points_x":[244,462,619,620,387],"all_points_y":[74,1,114,430,482]},"region_attributes":{"shape_attributes":"polygon"}}],"file_attributes":{}},"Y5.jpg27512":{"filename":"Y5.jpg","size":27512,"regions":[{"shape_attributes":{"name":"polygon","all_points_x":[151,241,572,561,288],"all_points_y":[162,478,382,66,15]},"region_attributes":{"shape_attributes":"polygon"}}],"file_attributes":{}},"Y6.jpg39161":{"filename":"Y6.jpg","size":39161,"regions":[{"shape_attributes":{"name":"polygon","all_points_x":[249,470,610,622,464],"all_points_y":[160,6,59,480,528]},"region_attributes":{"shape_attributes":"polygon"}}],"file_attributes":{}},"Y7.jpg35370":{"filename":"Y7.jpg","size":35370,"regions":[{"shape_attributes":{"name":"polygon","all_points_x":[161,16,337,599,519],"all_points_y":[105,239,472,197,114]},"region_attributes":{"shape_attributes":"polygon"}}],
"file_attributes":{}},"Y8.jpg196193":{"filename":"Y8.jpg","size":196193,"regions":[{"shape_attributes":{"name":"polygon","all_points_x":[316,990,1121,564,127,88],"all_points_y":[197,132,703,973,941,531]},"region_attributes":{"shape_attributes":"polygon"}}],"file_attributes":{}},"Y9.jpg28647":{"filename":"Y9.jpg","size":28647,"regions":[{"shape_attributes":{"name":"polygon","all_points_x":[102,561,565,115,504,116],"all_points_y":[343,74,496,522,527,522]},"region_attributes":{"shape_attributes":"polygon"}}],"file_attributes":{}},"Y10.jpg36284":{"filename":"Y10.jpg","size":36284,"regions":[{"shape_attributes":{"name":"polygon","all_points_x":[209,547,606,400,208,146],"all_points_y":[111,55,458,527,525,286]},"region_attributes":{"shape_attributes":"polygon"}}],"file_attributes":{}}}