{"3.jpg47209":{"filename":"3.jpg","size":47209,"regions":[{"shape_attributes":{"name":"polygon","all_points_x":[242,526,611,583,388,141,48],"all_points_y":[56,10,203,428,497,495,356]},"region_attributes":{"shape_attributes":"polygon"}}],"file_attributes":{}},"4.jpg30256":{"filename":"4.jpg","size":30256,"regions":[{"shape_attributes":{"name":"polygon","all_points_x":[178,418,617,619,411],"all_points_y":[88,14,109,468,494]},"region_attributes":{"shape_attributes":"polygon"}}],"file_attributes":{}},"5.jpg27512":{"filename":"5.jpg","size":27512,"regions":[{"shape_attributes":{"name":"polygon","all_points_x":[43,400,549,587,298,216],"all_points_y":[130,57,124,434,523,513]},"region_attributes":{"shape_attributes":"polygon"}}],"file_attributes":{}}}