{"2.jpg117064":{"filename":"2.jpg","size":117064,"regions":[{"shape_attributes":{"name":"polygon","all_points_x":[228,77,758,1204,1038,624],"all_points_y":[394,856,1059,729,43,78]},"region_attributes":{"shape_attributes":"polygon"}}],"file_attributes":{}},"3.jpg47209":{"filename":"3.jpg","size":47209,"regions":[{"shape_attributes":{"name":"polygon","all_points_x":[223,524,608,399,82],"all_points_y":[45,23,321,484,461]},"region_attributes":{"shape_attributes":"polygon"}}],"file_attributes":{}},"4.jpg30256":{"filename":"4.jpg","size":30256,"regions":[{"shape_attributes":{"name":"polygon","all_points_x":[184,539,612,619,585,458,400],"all_points_y":[77,5,108,402,448,499,488]},"region_attributes":{"shape_attributes":"polygon"}}],"file_attributes":{}},"8.jpg196193":{"filename":"8.jpg","size":196193,"regions":[{"shape_attributes":{"name":"polygon","all_points_x":[263,983,1126,565,268,100,42,263,39],"all_points_y":[178,104,684,970,981,754,700,981,696]},"region_attributes":{"shape_attributes":"polygon"}}],"file_attributes":{}},"9.jpg28647":{"filename":"9.jpg","size":28647,"regions":[{"shape_attributes":{"name":"polygon","all_points_x":[218,444,566,560,99,15],"all_points_y":[189,56,237,501,528,438]},"region_attributes":{"shape_attributes":"polygon"}}],"file_attributes":{}},"3.jpg47209":{"filename":"3.jpg","size":47209,"regions":[{"shape_attributes":{"name":"polygon","all_points_x":[242,526,611,583,388,141,48],"all_points_y":[56,10,203,428,497,495,356]},"region_attributes":{"shape_attributes":"polygon"}}],"file_attributes":{}},"4.jpg30256":{"filename":"4.jpg","size":30256,"regions":[{"shape_attributes":{"name":"polygon","all_points_x":[178,418,617,619,411],"all_points_y":[88,14,109,468,494]},"region_attributes":{"shape_attributes":"polygon"}}],"file_attributes":{}},"5.jpg27512":{"filename":"5.jpg","size":27512,"regions":[{"shape_attributes":{"name":"polygon","all_points_x":[43,400,549,587,298,216],"all_points_y":[130,57,124,434,523,513]},"region_attributes":{"shape_attributes":"polygon"}}],"file_attributes":{}}}